surgery_name,pct_of_general,pct_cancer_indv,cancer_pct_women,cancer_pct_men
Colorectal,0.2738336713995943,0.6029629629629629,0.41646191646191644,0.5835380835380836
Stomach,0.13711967545638945,0.8594674556213018,0.37005163511187605,0.6299483648881239
Biliary/Pancreas,0.16470588235294117,0.19458128078817735,0.4430379746835443,0.5569620253164557
Vascular,0.05314401622718053,0.015267175572519083,0.0,1.0
Breast,0.08803245436105477,0.9170506912442397,0.9974874371859297,0.002512562814070352
Transplantation,0.08032454361054767,0.11616161616161616,0.2608695652173913,0.7391304347826086
Hepatic,0.05233265720081136,0.8682170542635659,0.21875,0.78125
Thyroid,0.052129817444219066,0.13618677042801555,0.8285714285714286,0.17142857142857143
